feature1,feature2,feature3,label
1.0,2.0,3.0,Producto A
1.2,1.8,3.1,Producto A
0.9,2.2,2.8,Producto A
1.5,2.5,3.4,Producto A
0.8,1.6,2.9,Producto A
1.1,2.1,3.3,Producto A
1.4,1.9,2.7,Producto A
0.7,2.4,3.2,Producto A
1.3,2.3,3.0,Producto A
1.0,1.7,3.5,Producto A
1.6,2.0,2.6,Producto A
0.9,2.6,3.1,Producto A
5.0,5.0,5.0,Producto B
5.2,4.8,5.1,Producto B
4.9,5.3,4.7,Producto B
5.5,5.1,5.4,Producto B
4.7,4.6,4.9,Producto B
5.1,5.4,5.2,Producto B
5.3,4.9,4.6,Producto B
4.8,5.2,5.3,Producto B
5.4,4.7,5.0,Producto B
5.0,5.5,4.8,Producto B
4.6,5.0,5.5,Producto B
5.2,5.2,4.9,Producto B
9.0,8.0,1.0,Producto C
9.2,7.8,1.2,Producto C
8.8,8.3,0.9,Producto C
9.4,8.1,1.4,Producto C
8.7,7.6,1.1,Producto C
9.1,8.4,0.8,Producto C
9.3,7.9,1.3,Producto C
8.9,8.2,0.7,Producto C
9.5,7.7,1.0,Producto C
9.0,8.5,1.5,Producto C
8.6,8.0,1.2,Producto C
9.2,8.2,0.6,Producto C
